client_id,first_name,last_name,email
1,Александр,Смирнов,asmirnov@example.com
2,Мария,Кузнецова,mkuznetsova@example.com
3,Дмитрий,Попов,dpopov@example.com
4,Анна,Васильева,avasilyeva@example.com
5,Михаил,Петров,mpetrov@example.com
6,Екатерина,Соколова,esokolova@example.com
7,Иван,Михайлов,imikhailov@example.com
8,Ольга,Новикова,onovikova@example.com
9,Сергей,Фёдоров,sfedorov@example.com
10,Наталья,Морозова,nmorozova@example.com
11,Андрей,Волков,avolkov@example.com
12,Елена,Алексеева,ealexeeva@example.com
13,Алексей,Лебедев,alebedev@example.com
14,Ирина,Павлова,ipavlova@example.com
15,Артём,Семёнов,asemenov@example.com
16,Татьяна,Зайцева,tzaitseva@example.com
17,Павел,Гусев,pgusev@example.com
18,Юлия,Орлова,yorlova@example.com
19,Никита,Макаров,nmakarov@example.com
20,Анастасия,Никитина,anikitina@example.com
21,Кирилл,Захаров,kzakharov@example.com
22,Марина,Егорова,megorova@example.com
23,Евгений,Кудрявцев,ekudryavtsev@example.com
24,Светлана,Белова,sbelova@example.com
25,Константин,Крылов,kkrylov@example.com
26,Ангелина,Тимофеева,atimofeeva@example.com
27,Роман,Борисов,rborisov@example.com
28,Виктория,Ковалёва,vkovaleva@example.com
29,Владимир,Герасимов,vgerasimov@example.com
30,Ксения,Сидорова,ksidorova@example.com
31,Антон,Данилов,adanilov@example.com
32,Людмила,Савельева,lsavelyeva@example.com
